Date,Customer_ID,Region,Product,Category,Channel,Quantity,Unit_Price,Discount,Revenue,Cost,Profit
2025-01-01 00:00:00.000000000,CUST-1252,West,Data Clean,Data Services,Website,8,70.0,0.0,534.0,261.92,272.08
2025-01-01 23:33:22.465331278,CUST-1101,South,Automation Hub,Automation,Marketplace,5,180.0,0.05,856.11,469.58,386.53
2025-01-02 23:06:44.930662557,CUST-1019,West,Vision Lite,Computer Vision,Website,1,95.0,0.1,86.0,40.54,45.46
2025-01-03 22:40:07.395993836,CUST-1068,East,Data Clean,Data Services,Marketplace,4,70.0,0.0,274.74,176.88,97.86
2025-01-04 22:13:29.861325115,CUST-1149,North,Vision Lite,Computer Vision,Website,8,95.0,0.1,695.91,441.21,254.7
2025-01-05 21:46:52.326656394,CUST-1056,West,Vision Lite,Computer Vision,Website,4,95.0,0.1,331.32,216.87,114.45
2025-01-06 21:20:14.791987673,CUST-1293,East,Automation Hub,Automation,Direct,5,180.0,0.05,872.44,565.46,306.98
2025-01-07 20:53:37.257318952,CUST-1229,West,Analytics Pro,Analytics,Direct,5,120.0,0.05,582.58,390.04,192.54
2025-01-08 20:26:59.722650231,CUST-1103,North,Automation Hub,Automation,Direct,6,180.0,0.0,953.98,457.31,496.67
2025-01-09 20:00:22.187981510,CUST-1285,South,Data Clean,Data Services,Direct,2,70.0,0.15,124.67,82.56,42.11
2025-01-10 19:33:44.653312788,CUST-1097,South,Vision Lite,Computer Vision,Referral,7,95.0,0.0,583.93,331.97,251.96
2025-01-11 19:07:07.118644067,CUST-1042,West,Automation Hub,Automation,Website,8,180.0,0.1,1264.06,669.76,594.3
2025-01-12 18:40:29.583975346,CUST-1281,East,Data Clean,Data Services,Website,2,70.0,0.05,138.45,78.32,60.13
2025-01-13 18:13:52.049306625,CUST-1287,West,Data Clean,Data Services,Referral,7,70.0,0.0,483.78,,237.5
2025-01-14 17:47:14.514637904,CUST-1093,South,Data Clean,Data Services,Website,7,70.0,0.0,461.26,228.34,232.92
2025-01-15 17:20:36.979969183,CUST-1178,North,Automation Hub,Automation,Direct,6,180.0,0.05,981.11,473.62,507.49
2025-01-16 16:53:59.445300462,CUST-1051,East,Vision Lite,Computer Vision,Website,3,95.0,0.05,281.87,124.43,157.44
2025-01-17 16:27:21.910631741,CUST-1192,North,Vision Lite,Computer Vision,Website,4,95.0,0.0,350.79,192.62,158.17
2025-01-18 16:00:44.375963020,CUST-1207,West,Automation Hub,Automation,Website,7,180.0,0.05,1251.06,814.21,436.85
2025-01-19 15:34:06.841294299,CUST-1212,East,Automation Hub,Automation,Website,2,180.0,0.1,323.29,188.75,134.54
2025-01-20 15:07:29.306625577,CUST-1170,East,Analytics Pro,Analytics,Website,7,120.0,0.0,799.94,444.33,355.61
2025-01-21 14:40:51.771956856,CUST-1211,South,Automation Hub,Automation,Marketplace,8,180.0,0.0,1406.41,747.42,658.99
2025-01-22 14:14:14.237288135,CUST-1166,West,Vision Lite,Computer Vision,Website,6,95.0,0.0,546.81,295.68,251.13
2025-01-23 13:47:36.702619414,CUST-1245,West,Data Clean,Data Services,Marketplace,3,70.0,0.1,195.55,92.77,102.78
2025-01-24 13:20:59.167950693,CUST-1053,West,Data Clean,Data Services,Direct,5,70.0,0.0,360.25,228.39,131.86
2025-01-25 12:54:21.633281972,CUST-1145,North,Analytics Pro,Analytics,Marketplace,1,120.0,0.1,100.57,47.43,53.14
2025-01-26 12:27:44.098613251,CUST-1124,South,Vision Lite,Computer Vision,Marketplace,8,95.0,0.0,747.73,453.37,294.36
2025-01-27 12:01:06.563944530,CUST-1160,North,Analytics Pro,Analytics,Website,3,120.0,0.05,330.19,203.93,126.26
2025-01-28 11:34:29.029275809,CUST-1042,North,Vision Lite,Computer Vision,Website,1,95.0,0.0,99.92,56.9,43.02
2025-01-29 11:07:51.494607088,CUST-1097,East,Automation Hub,Automation,Website,7,180.0,0.0,1191.96,768.05,423.91
2025-01-30 10:41:13.959938366,CUST-1286,East,Automation Hub,Automation,Direct,6,180.0,0.1,1034.37,512.71,521.66
2025-01-31 10:14:36.425269645,CUST-1031,West,Vision Lite,Computer Vision,Marketplace,5,95.0,0.0,474.37,307.97,166.4
2025-02-01 09:47:58.890600924,CUST-1190,South,Automation Hub,Automation,Website,1,180.0,0.0,171.63,104.64,66.99
2025-02-02 09:21:21.355932203,CUST-1199,South,Data Clean,Data Services,Referral,7,70.0,0.15,405.22,254.34,150.88
2025-02-03 08:54:43.821263482,CUST-1142,South,Vision Lite,Computer Vision,Direct,6,95.0,0.15,468.96,278.0,190.96
2025-02-04 08:28:06.286594761,CUST-1010,North,Data Clean,Data Services,Marketplace,7,70.0,0.1,418.52,267.87,150.65
2025-02-05 08:01:28.751926040,CUST-1010,North,Vision Lite,Computer Vision,Referral,7,95.0,0.0,667.52,452.72,214.8
2025-02-06 07:34:51.217257319,CUST-1082,South,Automation Hub,Automation,Direct,2,180.0,0.05,325.2,172.11,153.09
2025-02-07 07:08:13.682588598,CUST-1030,North,Data Clean,Data Services,Marketplace,2,70.0,0.1,115.01,72.64,42.37
2025-02-08 06:41:36.147919876,CUST-1028,East,Automation Hub,Automation,Marketplace,8,180.0,0.0,1418.13,870.15,547.98
2025-02-09 06:14:58.613251155,CUST-1048,South,Vision Lite,Computer Vision,Website,5,95.0,0.0,440.75,237.01,203.74
2025-02-10 05:48:21.078582434,CUST-1057,West,Analytics Pro,Analytics,Website,4,120.0,0.1,419.0,276.96,142.04
2025-02-11 05:21:43.543913713,CUST-1251,East,Analytics Pro,Analytics,Direct,3,120.0,0.0,346.91,181.28,165.63
2025-02-12 04:55:06.009244992,CUST-1191,South,Vision Lite,Computer Vision,Referral,6,95.0,0.05,522.63,296.34,226.29
2025-02-13 04:28:28.474576271,CUST-1009,West,Analytics Pro,Analytics,Referral,7,120.0,0.15,771.15,345.12,426.03
2025-02-14 04:01:50.939907550,CUST-1188,West,Data Clean,Data Services,Referral,1,70.0,0.05,66.65,31.91,34.74
2025-02-15 03:35:13.405238829,CUST-1041,South,Data Clean,Data Services,Website,5,70.0,0.0,353.44,225.7,127.74
2025-02-16 03:08:35.870570108,CUST-1126,South,Vision Lite,Computer Vision,Direct,8,95.0,0.0,706.0,369.31,336.69
2025-02-17 02:41:58.335901387,CUST-1011,East,Vision Lite,Computer Vision,Website,3,95.0,0.0,277.54,145.01,132.53
2025-02-18 02:15:20.801232665,CUST-1027,North,Vision Lite,Computer Vision,Marketplace,3,95.0,0.0,287.45,139.12,148.33
2025-02-19 01:48:43.266563944,CUST-1039,North,Analytics Pro,Analytics,Referral,8,120.0,0.1,828.59,453.92,374.67
2025-02-20 01:22:05.731895223,CUST-1130,North,Automation Hub,Automation,Website,1,180.0,0.1,167.88,105.69,62.19
2025-02-21 00:55:28.197226502,CUST-1138,West,Automation Hub,Automation,Website,4,180.0,0.0,685.36,447.37,237.99
2025-02-22 00:28:50.662557781,CUST-1105,East,Data Clean,Data Services,Marketplace,4,70.0,0.0,276.79,121.3,155.49
2025-02-23 00:02:13.127889060,CUST-1186,East,Analytics Pro,Analytics,Website,7,120.0,0.1,738.28,420.41,317.87
2025-02-23 23:35:35.593220339,CUST-1216,West,Automation Hub,Automation,Website,2,180.0,0.0,362.37,196.22,166.15
2025-02-24 23:08:58.058551618,CUST-1218,South,Automation Hub,Automation,Marketplace,4,180.0,0.0,701.55,406.7,294.85
2025-02-25 22:42:20.523882897,CUST-1173,East,Analytics Pro,Analytics,Website,2,120.0,0.0,237.4,127.32,110.08
2025-02-26 22:15:42.989214176,CUST-1163,North,Analytics Pro,Analytics,Website,7,120.0,0.05,790.46,413.92,376.54
2025-02-27 21:49:05.454545455,CUST-1147,North,Automation Hub,Automation,Website,6,180.0,0.0,1048.27,568.89,479.38
2025-02-28 21:22:27.919876733,CUST-1071,East,Analytics Pro,Analytics,Direct,4,120.0,0.05,464.85,265.58,199.27
2025-03-01 20:55:50.385208012,CUST-1146,South,Analytics Pro,Analytics,Website,4,120.0,0.0,484.58,266.64,217.94
2025-03-02 20:29:12.850539291,CUST-1003,East,Automation Hub,Automation,Website,2,180.0,0.05,340.79,184.97,155.82
2025-03-03 20:02:35.315870570,CUST-1289,East,Analytics Pro,Analytics,Website,8,120.0,0.0,943.47,596.87,346.6
2025-03-04 19:35:57.781201849,CUST-1111,East,Vision Lite,Computer Vision,Website,6,95.0,0.0,588.16,361.05,227.11
2025-03-05 19:09:20.246533128,CUST-1226,East,Analytics Pro,Analytics,Website,3,120.0,0.0,356.6,181.43,175.17
2025-03-06 18:42:42.711864407,CUST-1287,East,Automation Hub,Automation,Website,4,180.0,0.0,711.17,446.72,264.45
2025-03-07 18:16:05.177195686,CUST-1149,South,Automation Hub,Automation,Website,6,180.0,0.0,1084.52,696.21,388.31
2025-03-08 17:49:27.642526965,CUST-1258,North,Data Clean,Data Services,Referral,6,70.0,0.0,448.5,206.27,242.23
2025-03-09 17:22:50.107858243,CUST-1143,South,Vision Lite,Computer Vision,Direct,4,95.0,0.0,359.63,205.53,154.1
2025-03-10 16:56:12.573189522,CUST-1039,North,Data Clean,Data Services,Website,3,70.0,0.0,216.47,106.97,109.5
2025-03-11 16:29:35.038520801,CUST-1007,South,Automation Hub,Automation,Website,6,180.0,0.15,848.48,519.43,329.05
2025-03-12 16:02:57.503852080,CUST-1040,West,Automation Hub,Automation,Direct,6,180.0,0.0,1089.39,525.18,564.21
2025-03-13 15:36:19.969183359,CUST-1282,North,Automation Hub,Automation,Direct,5,180.0,0.1,861.03,511.94,349.09
2025-03-14 15:09:42.434514638,CUST-1142,North,Data Clean,Data Services,Marketplace,1,70.0,0.15,60.66,29.5,31.16
2025-03-15 14:43:04.899845917,CUST-1095,South,Data Clean,Data Services,Website,4,70.0,0.0,281.91,155.87,126.04
2025-03-16 14:16:27.365177196,CUST-1133,South,Data Clean,Data Services,Referral,5,70.0,0.05,325.05,216.69,108.36
2025-03-17 13:49:49.830508475,CUST-1076,East,Data Clean,Data Services,Website,8,70.0,0.1,504.63,261.97,242.66
2025-03-18 13:23:12.295839753,CUST-1261,East,Vision Lite,Computer Vision,Website,5,95.0,0.05,446.7,289.32,157.38
2025-03-19 12:56:34.761171032,CUST-1299,West,Vision Lite,Computer Vision,Website,3,95.0,0.0,276.04,186.77,89.27
2025-03-20 12:29:57.226502311,CUST-1025,East,Data Clean,Data Services,Referral,5,70.0,0.0,345.94,223.98,121.96
2025-03-21 12:03:19.691833590,CUST-1215,South,Automation Hub,Automation,Website,2,180.0,0.0,362.86,168.05,194.81
2025-03-22 11:36:42.157164869,CUST-1100,West,Automation Hub,Automation,Marketplace,1,180.0,0.0,174.48,110.46,64.02
2025-03-23 11:10:04.622496148,CUST-1014,North,Data Clean,Data Services,Website,6,70.0,0.15,345.49,147.99,197.5
2025-03-24 10:43:27.087827427,CUST-1276,North,Automation Hub,Automation,Website,8,180.0,0.15,1157.4,604.46,552.94
2025-03-25 10:16:49.553158706,CUST-1018,North,Analytics Pro,Analytics,Marketplace,7,120.0,0.0,853.13,551.45,301.68
2025-03-26 09:50:12.018489985,CUST-1061,East,Vision Lite,Computer Vision,Direct,5,95.0,0.05,461.09,276.23,184.86
2025-03-27 09:23:34.483821263,CUST-1007,South,Automation Hub,Automation,Website,1,180.0,0.0,181.67,101.46,80.21
2025-03-28 08:56:56.949152542,CUST-1141,North,Data Clean,Data Services,Referral,8,70.0,0.1,523.46,272.64,250.82
2025-03-29 08:30:19.414483821,CUST-1179,East,Data Clean,Data Services,Website,4,70.0,0.0,280.98,177.36,103.62
2025-03-30 08:03:41.879815100,CUST-1096,North,Automation Hub,Automation,Website,3,180.0,0.15,466.2,281.81,184.39
2025-03-31 07:37:04.345146379,CUST-1021,East,Vision Lite,Computer Vision,Marketplace,8,95.0,0.1,692.31,375.09,317.22
2025-04-01 07:10:26.810477658,CUST-1034,South,Data Clean,Data Services,Website,6,70.0,0.0,418.46,272.86,145.6
2025-04-02 06:43:49.275808937,CUST-1280,South,Vision Lite,Computer Vision,Referral,6,95.0,0.0,557.9,267.67,290.23
2025-04-03 06:17:11.741140216,CUST-1241,South,Analytics Pro,Analytics,Referral,3,120.0,0.1,352.7,163.76,188.94
2025-04-04 05:50:34.206471495,CUST-1281,East,Vision Lite,Computer Vision,Website,8,95.0,0.0,746.26,438.15,308.11
2025-04-05 05:23:56.671802774,CUST-1159,South,Vision Lite,Computer Vision,Website,4,95.0,0.0,369.88,248.82,121.06
2025-04-06 04:57:19.137134052,CUST-1163,North,Vision Lite,Computer Vision,Website,5,95.0,0.1,434.92,210.63,224.29
2025-04-07 04:30:41.602465331,CUST-1235,North,Analytics Pro,Analytics,Direct,7,120.0,0.05,806.04,390.86,415.18
2025-04-08 04:04:04.067796610,CUST-1184,West,Automation Hub,Automation,Marketplace,6,180.0,0.0,1019.31,465.08,554.23
2025-04-09 03:37:26.533127889,CUST-1130,West,Data Clean,Data Services,Website,2,70.0,0.0,146.29,94.17,52.12
2025-04-10 03:10:48.998459168,CUST-1087,East,Analytics Pro,Analytics,Website,3,120.0,0.0,358.64,171.74,186.9
2025-04-11 02:44:11.463790447,CUST-1145,South,Automation Hub,Automation,Marketplace,3,180.0,0.15,438.6,241.59,197.01
2025-04-12 02:17:33.929121726,CUST-1019,West,Automation Hub,Automation,Website,8,180.0,0.0,1508.47,1022.18,486.29
2025-04-13 01:50:56.394453005,CUST-1057,West,Analytics Pro,Analytics,Referral,6,120.0,0.0,738.02,312.3,425.72
2025-04-14 01:24:18.859784284,CUST-1221,East,Analytics Pro,Analytics,Marketplace,3,120.0,0.0,341.79,193.0,148.79
2025-04-15 00:57:41.325115562,CUST-1260,South,Automation Hub,Automation,Referral,6,180.0,0.15,983.26,543.93,439.33
2025-04-16 00:31:03.790446842,CUST-1030,South,Data Clean,Data Services,Website,6,70.0,0.0,431.07,271.55,159.52
2025-04-17 00:04:26.255778120,CUST-1029,North,Analytics Pro,Analytics,Website,4,120.0,0.1,431.82,221.25,210.57
2025-04-17 23:37:48.721109400,CUST-1025,West,Automation Hub,Automation,Website,4,180.0,0.05,727.51,383.17,344.34
2025-04-18 23:11:11.186440678,CUST-1237,South,Analytics Pro,Analytics,Referral,8,120.0,0.1,869.51,403.16,466.35
2025-04-19 22:44:33.651771956,CUST-1093,North,Vision Lite,Computer Vision,Direct,5,95.0,0.15,403.3,247.06,156.24
2025-04-20 22:17:56.117103236,CUST-1098,South,Automation Hub,Automation,Website,2,180.0,0.1,315.44,196.84,118.6
2025-04-21 21:51:18.582434514,CUST-1003,East,Data Clean,Data Services,Referral,6,70.0,0.15,365.31,166.41,198.9
2025-04-22 21:24:41.047765794,CUST-1291,North,Vision Lite,Computer Vision,Marketplace,5,95.0,0.0,484.06,252.82,231.24
2025-04-23 20:58:03.513097072,CUST-1130,West,Data Clean,Data Services,Website,5,70.0,0.1,315.18,205.55,109.63
2025-04-24 20:31:25.978428352,CUST-1239,East,Vision Lite,Computer Vision,Website,6,95.0,0.0,551.99,232.22,319.77
2025-04-25 20:04:48.443759630,CUST-1212,East,Automation Hub,Automation,Website,8,180.0,0.0,1447.48,720.38,727.1
2025-04-26 19:38:10.909090910,CUST-1042,South,Data Clean,Data Services,Marketplace,3,70.0,0.1,188.47,106.36,82.11
2025-04-27 19:11:33.374422188,CUST-1240,East,Automation Hub,Automation,Referral,4,180.0,0.15,579.36,293.66,285.7
2025-04-28 18:44:55.839753466,CUST-1165,East,Data Clean,Data Services,Marketplace,2,70.0,0.05,125.17,61.42,63.75
2025-04-29 18:18:18.305084746,CUST-1181,East,Data Clean,Data Services,Direct,6,70.0,0.0,429.49,231.76,197.73
2025-04-30 17:51:40.770416024,CUST-1060,North,Vision Lite,Computer Vision,Marketplace,4,95.0,0.0,340.45,159.06,181.39
2025-05-01 17:25:03.235747304,CUST-1254,South,Vision Lite,Computer Vision,Direct,3,95.0,0.0,287.34,160.25,127.09
2025-05-02 16:58:25.701078582,CUST-1279,North,Automation Hub,Automation,Marketplace,6,180.0,0.0,1059.35,639.57,419.78
2025-05-03 16:31:48.166409862,CUST-1121,South,Data Clean,Data Services,Direct,4,70.0,0.0,294.65,167.83,126.82
2025-05-04 16:05:10.631741140,CUST-1027,South,Vision Lite,Computer Vision,Direct,4,95.0,0.0,372.5,165.47,207.03
2025-05-05 15:38:33.097072420,CUST-1254,North,Data Clean,Data Services,Marketplace,4,70.0,0.0,287.39,183.8,103.59
2025-05-06 15:11:55.562403698,CUST-1266,North,Automation Hub,Automation,Marketplace,3,180.0,0.1,478.28,222.64,255.64
2025-05-07 14:45:18.027734976,CUST-1151,East,Data Clean,Data Services,Direct,2,70.0,0.0,140.64,87.03,53.61
2025-05-08 14:18:40.493066256,CUST-1173,North,Automation Hub,Automation,Referral,7,180.0,0.15,1102.57,566.44,536.13
2025-05-09 13:52:02.958397534,CUST-1066,West,Analytics Pro,Analytics,Marketplace,1,120.0,0.05,111.89,69.77,42.12
2025-05-10 13:25:25.423728814,CUST-1020,East,Analytics Pro,Analytics,Referral,3,120.0,0.0,374.35,177.3,197.05
2025-05-11 12:58:47.889060092,CUST-1283,South,Vision Lite,Computer Vision,Direct,6,95.0,0.0,547.34,256.45,290.89
2025-05-12 12:32:10.354391372,CUST-1144,East,Automation Hub,Automation,Referral,2,180.0,0.0,364.24,200.05,164.19
2025-05-13 12:05:32.819722650,CUST-1082,North,Analytics Pro,Analytics,Marketplace,6,120.0,0.15,634.59,271.96,362.63
2025-05-14 11:38:55.285053930,CUST-1207,West,Automation Hub,Automation,Marketplace,6,180.0,0.0,1108.51,530.51,578.0
2025-05-15 11:12:17.750385208,CUST-1007,South,Vision Lite,Computer Vision,Direct,6,95.0,0.0,613.69,373.28,240.41
2025-05-16 10:45:40.215716486,CUST-1023,West,Automation Hub,Automation,Website,3,180.0,0.15,444.98,283.77,161.21
2025-05-17 10:19:02.681047766,CUST-1072,North,Data Clean,Data Services,Marketplace,1,70.0,0.15,56.22,24.79,31.43
2025-05-18 09:52:25.146379044,CUST-1135,South,Data Clean,Data Services,Marketplace,8,70.0,0.0,537.73,349.17,188.56
2025-05-19 09:25:47.611710324,CUST-1110,South,Vision Lite,Computer Vision,Direct,3,95.0,0.0,292.53,183.52,109.01
2025-05-20 08:59:10.077041602,CUST-1056,West,Data Clean,Data Services,Direct,7,70.0,0.0,499.76,322.9,176.86
2025-05-21 08:32:32.542372882,CUST-1105,East,Automation Hub,Automation,Referral,2,180.0,0.0,361.47,217.46,144.01
2025-05-22 08:05:55.007704160,CUST-1100,South,Analytics Pro,Analytics,Referral,2,120.0,0.0,229.22,136.45,92.77
2025-05-23 07:39:17.473035440,CUST-1157,South,Analytics Pro,Analytics,Website,7,120.0,0.05,822.48,457.73,364.75
2025-05-24 07:12:39.938366718,CUST-1168,South,Data Clean,Data Services,Direct,8,70.0,0.1,479.31,282.66,196.65
2025-05-25 06:46:02.403697996,CUST-1264,East,Data Clean,Data Services,Website,7,70.0,0.0,512.72,337.86,174.86
2025-05-26 06:19:24.869029276,CUST-1242,South,Vision Lite,Computer Vision,Marketplace,7,95.0,0.05,703.96,314.06,389.9
2025-05-27 05:52:47.334360554,CUST-1087,North,Analytics Pro,Analytics,Marketplace,2,120.0,0.0,243.52,122.27,121.25
2025-05-28 05:26:09.799691834,CUST-1270,West,Automation Hub,Automation,Referral,8,180.0,0.1,1326.23,582.0,744.23
2025-05-29 04:59:32.265023112,CUST-1156,West,Analytics Pro,Analytics,Website,6,120.0,0.05,670.52,446.33,224.19
2025-05-30 04:32:54.730354392,CUST-1056,North,Analytics Pro,Analytics,Website,2,120.0,0.1,200.36,107.35,93.01
2025-05-31 04:06:17.195685670,CUST-1102,East,Analytics Pro,Analytics,Direct,2,120.0,0.15,199.08,118.57,80.51
2025-06-01 03:39:39.661016950,CUST-1222,North,Vision Lite,Computer Vision,Referral,7,95.0,0.0,635.93,406.16,229.77
2025-06-02 03:13:02.126348228,CUST-1246,East,Analytics Pro,Analytics,Website,3,120.0,0.0,339.16,229.84,109.32
2025-06-03 02:46:24.591679506,CUST-1112,South,Data Clean,Data Services,Marketplace,7,70.0,0.0,523.76,242.01,281.75
2025-06-04 02:19:47.057010786,CUST-1047,East,Automation Hub,Automation,Website,2,180.0,0.0,363.93,228.5,135.43
2025-06-05 01:53:09.522342064,CUST-1057,East,Automation Hub,Automation,Direct,3,180.0,0.15,465.97,303.22,162.75
2025-06-06 01:26:31.987673344,CUST-1031,East,Vision Lite,Computer Vision,Website,3,95.0,0.0,281.48,121.8,159.68
2025-06-07 00:59:54.453004622,CUST-1209,North,Data Clean,Data Services,Website,3,70.0,0.1,187.69,115.63,72.06
2025-06-08 00:33:16.918335902,CUST-1150,West,Automation Hub,Automation,Website,6,180.0,0.0,1121.67,574.55,547.12
2025-06-09 00:06:39.383667180,CUST-1135,North,Analytics Pro,Analytics,Referral,8,120.0,0.0,958.76,564.36,394.4
2025-06-09 23:40:01.848998460,CUST-1201,North,Analytics Pro,Analytics,Referral,8,120.0,0.0,980.38,542.79,437.59
2025-06-10 23:13:24.314329738,CUST-1248,East,Data Clean,Data Services,Marketplace,6,70.0,0.05,395.87,193.0,202.87
2025-06-11 22:46:46.779661016,CUST-1238,South,Analytics Pro,Analytics,Referral,2,120.0,0.05,224.88,102.36,122.52
2025-06-12 22:20:09.244992296,CUST-1041,West,Vision Lite,Computer Vision,Website,8,95.0,0.0,717.23,323.04,394.19
2025-06-13 21:53:31.710323574,CUST-1176,West,Automation Hub,Automation,Website,5,180.0,0.0,828.8,370.36,458.44
2025-06-14 21:26:54.175654854,CUST-1264,South,Data Clean,Data Services,Website,5,70.0,0.05,329.02,192.75,136.27
2025-06-15 21:00:16.640986132,CUST-1232,West,Analytics Pro,Analytics,Direct,6,120.0,0.0,721.63,369.02,352.61
2025-06-16 20:33:39.106317412,CUST-1098,South,Data Clean,Data Services,Website,7,70.0,0.15,395.07,188.18,206.89
2025-06-17 20:07:01.571648690,CUST-1117,East,Vision Lite,Computer Vision,Direct,8,95.0,0.0,758.95,455.29,303.66
2025-06-18 19:40:24.036979970,CUST-1267,North,Automation Hub,Automation,Website,5,180.0,0.0,901.94,539.88,362.06
2025-06-19 19:13:46.502311248,CUST-1009,West,Analytics Pro,Analytics,Website,5,120.0,0.0,548.26,307.12,241.14
2025-06-20 18:47:08.967642526,CUST-1157,North,Data Clean,Data Services,Website,6,70.0,0.0,404.63,268.3,136.33
2025-06-21 18:20:31.432973806,CUST-1034,North,Automation Hub,Automation,Website,3,180.0,0.0,548.8,285.49,263.31
2025-06-22 17:53:53.898305084,CUST-1268,South,Automation Hub,Automation,Marketplace,3,180.0,0.0,548.36,349.48,198.88
2025-06-23 17:27:16.363636364,CUST-1011,West,Automation Hub,Automation,Referral,6,180.0,0.15,875.64,384.87,490.77
2025-06-24 17:00:38.828967642,CUST-1007,West,Analytics Pro,Analytics,Website,1,120.0,0.0,120.76,73.95,46.81
2025-06-25 16:34:01.294298922,CUST-1098,East,Automation Hub,Automation,Marketplace,3,180.0,0.0,562.08,380.53,181.55
2025-06-26 16:07:23.759630200,CUST-1060,West,Analytics Pro,Analytics,Marketplace,6,120.0,0.0,742.38,475.21,267.17
2025-06-27 15:40:46.224961480,CUST-1148,West,Analytics Pro,Analytics,Direct,8,120.0,0.0,956.34,545.8,410.54
2025-06-28 15:14:08.690292758,CUST-1089,East,Automation Hub,Automation,Direct,5,180.0,0.05,839.0,489.1,349.9
2025-06-29 14:47:31.155624036,CUST-1106,South,Analytics Pro,Analytics,Marketplace,4,120.0,0.0,467.92,239.51,228.41
2025-06-30 14:20:53.620955316,CUST-1169,West,Automation Hub,Automation,Marketplace,4,180.0,0.05,696.8,415.76,281.04
2025-07-01 13:54:16.086286594,CUST-1168,East,Data Clean,Data Services,Marketplace,6,70.0,0.0,423.28,262.56,160.72
2025-07-02 13:27:38.551617874,CUST-1280,South,Analytics Pro,Analytics,Referral,5,120.0,0.15,522.84,355.29,167.55
2025-07-03 13:01:01.016949152,CUST-1144,North,Analytics Pro,Analytics,Marketplace,1,120.0,0.0,120.63,66.11,54.52
2025-07-04 12:34:23.482280432,CUST-1169,East,Analytics Pro,Analytics,Website,5,120.0,0.1,557.69,243.12,314.57
2025-07-05 12:07:45.947611710,CUST-1203,South,Vision Lite,Computer Vision,Marketplace,4,95.0,0.0,381.44,219.3,162.14
2025-07-06 11:41:08.412942990,CUST-1052,West,Automation Hub,Automation,Direct,6,180.0,0.0,1113.9,502.31,611.59
2025-07-07 11:14:30.878274268,CUST-1200,North,Automation Hub,Automation,Website,8,180.0,0.1,1341.14,648.63,692.51
2025-07-08 10:47:53.343605548,CUST-1258,North,Analytics Pro,Analytics,Direct,8,120.0,0.05,882.65,446.16,436.49
2025-07-09 10:21:15.808936826,CUST-1095,West,Automation Hub,Automation,Direct,5,180.0,0.1,751.42,458.41,293.01
2025-07-10 09:54:38.274268104,CUST-1053,North,Automation Hub,Automation,Website,3,180.0,0.0,573.34,268.2,305.14
2025-07-11 09:28:00.739599384,CUST-1103,North,Automation Hub,Automation,Referral,4,180.0,0.05,691.02,320.01,371.01
2025-07-12 09:01:23.204930662,CUST-1082,East,Vision Lite,Computer Vision,Direct,2,95.0,0.1,159.27,68.76,90.51
2025-07-13 08:34:45.670261942,CUST-1175,West,Data Clean,Data Services,Direct,8,70.0,0.05,516.81,334.4,182.41
2025-07-14 08:08:08.135593220,CUST-1259,North,Automation Hub,Automation,Website,7,180.0,0.0,1298.9,779.75,519.15
2025-07-15 07:41:30.600924500,CUST-1178,South,Data Clean,Data Services,Website,7,70.0,0.05,460.29,198.1,262.19
2025-07-16 07:14:53.066255778,CUST-1037,West,Vision Lite,Computer Vision,Marketplace,3,95.0,0.05,265.2,113.34,151.86
2025-07-17 06:48:15.531587058,CUST-1094,West,Automation Hub,Automation,Website,3,180.0,0.15,484.72,273.99,210.73
2025-07-18 06:21:37.996918336,CUST-1206,East,Analytics Pro,Analytics,Website,7,120.0,0.0,804.81,,407.67
2025-07-19 05:55:00.462249614,CUST-1099,North,Automation Hub,Automation,Website,5,180.0,0.0,871.27,501.11,370.16
2025-07-20 05:28:22.927580894,CUST-1175,North,Vision Lite,Computer Vision,Website,6,95.0,0.1,517.34,275.74,241.6
2025-07-21 05:01:45.392912172,CUST-1208,North,Analytics Pro,Analytics,Referral,4,120.0,0.0,487.5,321.78,165.72
2025-07-22 04:35:07.858243452,CUST-1098,North,Data Clean,Data Services,Marketplace,4,70.0,0.05,271.28,134.24,137.04
2025-07-23 04:08:30.323574730,CUST-1194,East,Automation Hub,Automation,Marketplace,6,180.0,0.0,1119.37,667.79,451.58
2025-07-24 03:41:52.788906010,CUST-1119,North,Data Clean,Data Services,Marketplace,7,70.0,0.0,493.89,214.38,279.51
2025-07-25 03:15:15.254237288,CUST-1040,East,Vision Lite,Computer Vision,Referral,3,95.0,0.05,276.05,184.55,91.5
2025-07-26 02:48:37.719568568,CUST-1111,East,Automation Hub,Automation,Website,7,180.0,0.0,1246.94,841.68,405.26
2025-07-27 02:22:00.184899846,CUST-1132,East,Analytics Pro,Analytics,Website,2,120.0,0.0,240.6,147.29,93.31
2025-07-28 01:55:22.650231124,CUST-1000,North,Vision Lite,Computer Vision,Website,4,95.0,0.05,362.55,196.12,166.43
2025-07-29 01:28:45.115562404,CUST-1267,West,Automation Hub,Automation,Website,8,180.0,0.05,1379.77,658.42,721.35
2025-07-30 01:02:07.580893684,CUST-1158,East,Analytics Pro,Analytics,Website,8,120.0,0.1,890.7,562.26,328.44
2025-07-31 00:35:30.046224960,CUST-1010,East,Data Clean,Data Services,Website,8,70.0,0.0,572.44,350.02,222.42
2025-08-01 00:08:52.511556240,CUST-1260,North,Automation Hub,Automation,Website,3,180.0,0.0,540.96,258.42,282.54
2025-08-01 23:42:14.976887520,CUST-1256,North,Analytics Pro,Analytics,Marketplace,7,120.0,0.15,690.89,371.23,319.66
2025-08-02 23:15:37.442218800,CUST-1003,West,Automation Hub,Automation,Marketplace,8,180.0,0.0,1443.9,780.18,663.72
2025-08-03 22:48:59.907550076,CUST-1048,South,Automation Hub,Automation,Direct,8,180.0,0.0,1438.39,913.18,525.21
2025-08-04 22:22:22.372881356,CUST-1109,South,Data Clean,Data Services,Marketplace,1,70.0,0.0,70.54,42.17,28.37
2025-08-05 21:55:44.838212636,CUST-1152,South,Vision Lite,Computer Vision,Referral,6,95.0,0.0,620.31,364.26,256.05
2025-08-06 21:29:07.303543912,CUST-1217,East,Analytics Pro,Analytics,Website,8,120.0,0.1,845.9,498.2,347.7
2025-08-07 21:02:29.768875192,CUST-1127,West,Analytics Pro,Analytics,Referral,7,120.0,0.1,768.77,376.95,391.82
2025-08-08 20:35:52.234206472,CUST-1183,South,Vision Lite,Computer Vision,Website,2,95.0,0.05,188.21,97.24,90.97
2025-08-09 20:09:14.699537752,CUST-1003,West,Analytics Pro,Analytics,Referral,7,120.0,0.0,843.29,364.19,479.1
2025-08-10 19:42:37.164869028,CUST-1197,North,Automation Hub,Automation,Website,1,180.0,0.0,196.83,122.94,73.89
2025-08-11 19:15:59.630200308,CUST-1274,East,Analytics Pro,Analytics,Referral,4,120.0,0.0,472.74,251.77,220.97
2025-08-12 18:49:22.095531588,CUST-1157,East,Analytics Pro,Analytics,Website,6,120.0,0.0,729.33,389.42,339.91
2025-08-13 18:22:44.560862864,CUST-1136,North,Data Clean,Data Services,Marketplace,4,70.0,0.0,271.05,131.13,139.92
2025-08-14 17:56:07.026194144,CUST-1089,North,Analytics Pro,Analytics,Direct,6,120.0,0.0,709.88,336.8,373.08
2025-08-15 17:29:29.491525424,CUST-1286,South,Analytics Pro,Analytics,Marketplace,2,120.0,0.0,242.39,138.85,103.54
2025-08-16 17:02:51.956856704,CUST-1009,West,Data Clean,Data Services,Marketplace,5,70.0,0.05,343.76,165.16,178.6
2025-08-17 16:36:14.422187980,CUST-1086,East,Analytics Pro,Analytics,Referral,6,120.0,0.05,692.73,302.51,390.22
2025-08-18 16:09:36.887519260,CUST-1041,West,Data Clean,Data Services,Website,6,70.0,0.0,441.15,273.32,167.83
2025-08-19 15:42:59.352850540,CUST-1259,West,Analytics Pro,Analytics,Marketplace,3,120.0,0.0,358.63,185.73,172.9
2025-08-20 15:16:21.818181820,CUST-1144,South,Analytics Pro,Analytics,Referral,3,120.0,0.1,319.7,165.88,153.82
2025-08-21 14:49:44.283513096,CUST-1276,West,Analytics Pro,Analytics,Website,3,120.0,0.05,378.99,201.68,177.31
2025-08-22 14:23:06.748844376,CUST-1199,North,Vision Lite,Computer Vision,Website,4,95.0,0.1,347.39,219.52,127.87
2025-08-23 13:56:29.214175656,CUST-1167,North,Vision Lite,Computer Vision,Direct,5,95.0,0.0,461.33,232.24,229.09
2025-08-24 13:29:51.679506932,CUST-1155,West,Automation Hub,Automation,Marketplace,3,180.0,0.1,472.5,291.58,180.92
2025-08-25 13:03:14.144838212,CUST-1060,West,Analytics Pro,Analytics,Referral,4,120.0,0.0,461.9,306.83,155.07
2025-08-26 12:36:36.610169492,CUST-1168,North,Analytics Pro,Analytics,Marketplace,3,120.0,0.0,373.49,221.04,152.45
2025-08-27 12:09:59.075500772,CUST-1205,East,Vision Lite,Computer Vision,Referral,2,95.0,0.0,187.23,99.65,87.58
2025-08-28 11:43:21.540832048,CUST-1289,East,Analytics Pro,Analytics,Referral,6,120.0,0.0,723.67,444.64,279.03
2025-08-29 11:16:44.006163328,CUST-1164,West,Vision Lite,Computer Vision,Website,7,95.0,0.0,663.31,357.56,305.75
2025-08-30 10:50:06.471494608,CUST-1281,East,Vision Lite,Computer Vision,Referral,3,95.0,0.0,293.34,154.81,138.53
2025-08-31 10:23:28.936825884,CUST-1283,South,Data Clean,Data Services,Marketplace,7,70.0,0.1,426.06,237.14,188.92
2025-09-01 09:56:51.402157164,CUST-1156,South,Automation Hub,Automation,Website,5,180.0,0.0,861.28,432.89,428.39
2025-09-02 09:30:13.867488444,CUST-1131,South,Analytics Pro,Analytics,Marketplace,2,120.0,0.0,242.15,108.27,133.88
2025-09-03 09:03:36.332819724,CUST-1042,East,Automation Hub,Automation,Website,3,180.0,0.0,552.98,291.9,261.08
2025-09-04 08:36:58.798151000,CUST-1080,West,Data Clean,Data Services,Marketplace,1,70.0,0.0,70.93,32.08,38.85
2025-09-05 08:10:21.263482280,CUST-1263,South,Vision Lite,Computer Vision,Marketplace,1,95.0,0.0,91.92,48.42,43.5
2025-09-06 07:43:43.728813560,CUST-1041,North,Vision Lite,Computer Vision,Marketplace,3,95.0,0.0,292.72,165.33,127.39
2025-09-07 07:17:06.194144840,CUST-1119,North,Automation Hub,Automation,Marketplace,4,180.0,0.0,698.58,462.45,236.13
2025-09-08 06:50:28.659476116,CUST-1209,East,Analytics Pro,Analytics,Direct,7,120.0,0.1,740.23,317.87,422.36
2025-09-09 06:23:51.124807396,CUST-1072,West,Data Clean,Data Services,Referral,2,70.0,0.15,114.51,66.59,47.92
2025-09-10 05:57:13.590138676,CUST-1292,North,Data Clean,Data Services,Marketplace,7,70.0,0.0,515.5,277.86,237.64
2025-09-11 05:30:36.055469952,CUST-1194,North,Data Clean,Data Services,Marketplace,2,70.0,0.05,136.37,57.99,78.38
2025-09-12 05:03:58.520801232,CUST-1008,East,Data Clean,Data Services,Website,2,70.0,0.1,129.05,62.57,66.48
2025-09-13 04:37:20.986132512,CUST-1074,North,Automation Hub,Automation,Website,6,180.0,0.15,963.8,434.49,529.31
2025-09-14 04:10:43.451463792,CUST-1222,West,Automation Hub,Automation,Referral,7,180.0,0.05,1331.67,634.36,697.31
2025-09-15 03:44:05.916795068,CUST-1258,South,Analytics Pro,Analytics,Website,5,120.0,0.1,503.08,247.21,255.87
2025-09-16 03:17:28.382126348,CUST-1278,North,Data Clean,Data Services,Website,1,70.0,0.1,61.14,32.06,29.08
2025-09-17 02:50:50.847457628,CUST-1255,West,Vision Lite,Computer Vision,Website,1,95.0,0.1,83.39,46.5,36.89
2025-09-18 02:24:13.312788908,CUST-1022,North,Automation Hub,Automation,Marketplace,4,180.0,0.0,695.5,292.29,403.21
2025-09-19 01:57:35.778120184,CUST-1218,South,Data Clean,Data Services,Website,4,70.0,0.0,267.93,123.81,144.12
2025-09-20 01:30:58.243451464,CUST-1033,North,Vision Lite,Computer Vision,Marketplace,8,95.0,0.0,750.89,333.64,417.25
2025-09-21 01:04:20.708782744,CUST-1022,North,Data Clean,Data Services,Referral,3,70.0,0.0,199.78,112.46,87.32
2025-09-22 00:37:43.174114020,CUST-1207,North,Data Clean,Data Services,Marketplace,2,70.0,0.0,141.88,71.73,70.15
2025-09-23 00:11:05.639445300,CUST-1143,North,Analytics Pro,Analytics,Website,8,120.0,0.0,961.99,541.2,420.79
2025-09-23 23:44:28.104776580,CUST-1194,North,Automation Hub,Automation,Referral,2,180.0,0.05,348.58,166.51,182.07
2025-09-24 23:17:50.570107860,CUST-1255,North,Vision Lite,Computer Vision,Website,1,95.0,0.05,92.08,39.25,52.83
2025-09-25 22:51:13.035439136,CUST-1020,East,Data Clean,Data Services,Marketplace,4,70.0,0.1,258.08,171.56,86.52
2025-09-26 22:24:35.500770416,CUST-1158,East,Analytics Pro,Analytics,Website,4,120.0,0.0,472.83,211.9,260.93
2025-09-27 21:57:57.966101696,CUST-1250,South,Automation Hub,Automation,Direct,5,180.0,0.0,976.36,442.28,534.08
2025-09-28 21:31:20.431432972,CUST-1132,South,Vision Lite,Computer Vision,Website,8,95.0,0.1,690.41,316.28,374.13
2025-09-29 21:04:42.896764252,CUST-1157,East,Data Clean,Data Services,Referral,8,70.0,0.1,466.45,314.92,151.53
2025-09-30 20:38:05.362095532,CUST-1149,West,Analytics Pro,Analytics,Website,3,120.0,0.15,293.73,170.54,123.19
2025-10-01 20:11:27.827426812,CUST-1272,West,Vision Lite,Computer Vision,Marketplace,8,95.0,0.1,636.38,368.26,268.12
2025-10-02 19:44:50.292758088,CUST-1014,North,Automation Hub,Automation,Referral,6,180.0,0.1,972.67,658.05,314.62
2025-10-03 19:18:12.758089368,CUST-1263,North,Analytics Pro,Analytics,Website,1,120.0,0.0,119.42,52.9,66.52
2025-10-04 18:51:35.223420648,CUST-1244,North,Vision Lite,Computer Vision,Website,8,95.0,0.0,745.76,502.17,243.59
2025-10-05 18:24:57.688751928,CUST-1243,North,Automation Hub,Automation,Website,2,180.0,0.0,388.96,183.99,204.97
2025-10-06 17:58:20.154083204,CUST-1123,East,Vision Lite,Computer Vision,Website,5,95.0,0.05,461.16,268.39,192.77
2025-10-07 17:31:42.619414484,CUST-1154,South,Automation Hub,Automation,Direct,7,180.0,0.15,1102.11,583.26,518.85
2025-10-08 17:05:05.084745764,CUST-1110,North,Data Clean,Data Services,Referral,2,70.0,0.0,134.79,70.07,64.72
2025-10-09 16:38:27.550077040,CUST-1075,South,Analytics Pro,Analytics,Website,3,120.0,0.05,328.33,217.4,110.93
2025-10-10 16:11:50.015408320,CUST-1262,East,Data Clean,Data Services,Direct,4,70.0,0.0,280.41,128.65,151.76
2025-10-11 15:45:12.480739600,CUST-1151,North,Analytics Pro,Analytics,Website,8,120.0,0.0,966.64,656.58,310.06
2025-10-12 15:18:34.946070880,CUST-1217,West,Vision Lite,Computer Vision,Referral,2,95.0,0.0,175.89,91.21,84.68
2025-10-13 14:51:57.411402156,CUST-1030,North,Automation Hub,Automation,Marketplace,6,180.0,0.0,1072.21,631.19,441.02
2025-10-14 14:25:19.876733436,CUST-1236,West,Automation Hub,Automation,Direct,4,180.0,0.15,612.34,411.28,201.06
2025-10-15 13:58:42.342064716,CUST-1197,North,Analytics Pro,Analytics,Marketplace,1,120.0,0.0,118.97,51.75,67.22
2025-10-16 13:32:04.807395992,CUST-1299,West,Vision Lite,Computer Vision,Referral,6,95.0,0.1,496.31,327.54,168.77
2025-10-17 13:05:27.272727272,CUST-1040,West,Analytics Pro,Analytics,Direct,7,120.0,0.05,780.78,443.19,337.59
2025-10-18 12:38:49.738058552,CUST-1162,West,Vision Lite,Computer Vision,Website,5,95.0,0.0,471.64,,187.17
2025-10-19 12:12:12.203389832,CUST-1153,West,Vision Lite,Computer Vision,Direct,2,95.0,0.0,190.69,87.49,103.2
2025-10-20 11:45:34.668721108,CUST-1161,West,Data Clean,Data Services,,2,70.0,0.1,129.05,72.1,56.95
2025-10-21 11:18:57.134052388,CUST-1016,East,Vision Lite,Computer Vision,Direct,4,95.0,0.0,396.43,235.92,160.51
2025-10-22 10:52:19.599383668,CUST-1141,West,Automation Hub,Automation,Website,5,180.0,0.1,800.46,431.15,369.31
2025-10-23 10:25:42.064714948,CUST-1089,North,Vision Lite,Computer Vision,Website,5,95.0,0.0,466.33,214.65,251.68
2025-10-24 09:59:04.530046224,CUST-1185,East,Data Clean,Data Services,Marketplace,2,70.0,0.05,135.33,65.43,69.9
2025-10-25 09:32:26.995377504,CUST-1069,East,Automation Hub,Automation,Referral,5,180.0,0.1,829.79,532.84,296.95
2025-10-26 09:05:49.460708784,CUST-1130,West,Analytics Pro,Analytics,Referral,3,120.0,0.0,353.75,151.74,202.01
2025-10-27 08:39:11.926040060,CUST-1186,South,Data Clean,Data Services,Direct,6,70.0,0.0,433.28,261.83,171.45
2025-10-28 08:12:34.391371340,CUST-1019,South,Analytics Pro,Analytics,Marketplace,7,120.0,0.15,741.98,504.43,237.55
2025-10-29 07:45:56.856702620,CUST-1236,East,Vision Lite,Computer Vision,Website,6,95.0,0.0,599.45,252.94,346.51
2025-10-30 07:19:19.322033900,CUST-1214,South,Analytics Pro,Analytics,,1,120.0,0.0,128.54,59.37,69.17
2025-10-31 06:52:41.787365176,CUST-1017,North,Analytics Pro,Analytics,Website,8,120.0,0.0,926.73,551.66,375.07
2025-11-01 06:26:04.252696456,CUST-1019,South,Data Clean,Data Services,Website,1,70.0,0.0,70.04,30.51,39.53
2025-11-02 05:59:26.718027736,CUST-1255,South,Analytics Pro,Analytics,Website,8,120.0,0.1,864.39,495.59,368.8
2025-11-03 05:32:49.183359012,CUST-1084,North,Vision Lite,Computer Vision,Marketplace,1,95.0,0.1,85.16,50.91,34.25
2025-11-04 05:06:11.648690292,CUST-1258,South,Vision Lite,Computer Vision,Marketplace,5,95.0,0.0,462.66,265.07,197.59
2025-11-05 04:39:34.114021572,CUST-1149,South,Analytics Pro,Analytics,Referral,1,120.0,0.1,101.58,52.31,49.27
2025-11-06 04:12:56.579352852,CUST-1102,South,Analytics Pro,Analytics,Website,1,120.0,0.0,120.44,72.42,48.02
2025-11-07 03:46:19.044684128,CUST-1082,South,Data Clean,Data Services,Marketplace,6,70.0,0.0,407.09,233.88,173.21
2025-11-08 03:19:41.510015408,CUST-1197,East,Vision Lite,Computer Vision,Marketplace,6,95.0,0.05,543.36,257.55,285.81
2025-11-09 02:53:03.975346688,CUST-1032,South,Analytics Pro,Analytics,Direct,1,120.0,0.15,98.76,55.94,42.82
2025-11-10 02:26:26.440677968,CUST-1120,West,Data Clean,Data Services,Referral,8,70.0,0.0,535.37,347.61,187.76
2025-11-11 01:59:48.906009244,CUST-1103,West,Automation Hub,Automation,Marketplace,3,180.0,0.0,545.06,323.43,221.63
2025-11-12 01:33:11.371340524,CUST-1046,South,Analytics Pro,Analytics,Referral,3,120.0,0.0,362.17,196.54,165.63
2025-11-13 01:06:33.836671804,CUST-1105,South,Data Clean,Data Services,Referral,3,70.0,0.1,193.38,97.39,95.99
2025-11-14 00:39:56.302003080,CUST-1158,East,Analytics Pro,Analytics,Direct,4,120.0,0.0,521.97,230.88,291.09
2025-11-15 00:13:18.767334360,CUST-1203,West,Vision Lite,Computer Vision,Website,2,95.0,0.0,192.11,92.9,99.21
2025-11-15 23:46:41.232665640,CUST-1025,East,Data Clean,Data Services,Website,4,70.0,0.05,271.16,114.68,156.48
2025-11-16 23:20:03.697996920,CUST-1261,West,Vision Lite,Computer Vision,Website,2,95.0,0.0,181.81,123.0,58.81
2025-11-17 22:53:26.163328196,CUST-1263,East,Vision Lite,Computer Vision,Referral,1,95.0,0.0,90.11,43.06,47.05
2025-11-18 22:26:48.628659476,CUST-1207,East,Automation Hub,Automation,Referral,3,180.0,0.0,574.19,362.81,211.38
2025-11-19 22:00:11.093990756,CUST-1277,South,Analytics Pro,Analytics,Marketplace,6,120.0,0.0,693.4,321.63,371.77
2025-11-20 21:33:33.559322032,CUST-1128,East,Vision Lite,Computer Vision,,7,95.0,0.0,637.23,314.62,322.61
2025-11-21 21:06:56.024653312,CUST-1246,North,Data Clean,Data Services,Website,3,70.0,0.1,188.7,99.78,88.92
2025-11-22 20:40:18.489984592,CUST-1218,East,Analytics Pro,Analytics,Direct,3,120.0,0.05,340.77,171.86,168.91
2025-11-23 20:13:40.955315872,CUST-1168,West,Data Clean,Data Services,Website,7,70.0,0.05,448.7,281.59,167.11
2025-11-24 19:47:03.420647148,CUST-1053,North,Automation Hub,Automation,Direct,6,180.0,0.15,906.8,606.65,300.15
2025-11-25 19:20:25.885978428,CUST-1167,East,Vision Lite,Computer Vision,Website,7,95.0,0.0,697.7,451.82,245.88
2025-11-26 18:53:48.351309708,CUST-1270,North,Analytics Pro,Analytics,Referral,8,120.0,0.0,929.05,427.3,501.75
2025-11-27 18:27:10.816640988,CUST-1295,East,Vision Lite,Computer Vision,Referral,7,95.0,0.1,565.14,351.48,213.66
2025-11-28 18:00:33.281972264,CUST-1134,North,Analytics Pro,Analytics,Direct,8,120.0,0.0,996.2,456.72,539.48
2025-11-29 17:33:55.747303544,CUST-1074,West,Automation Hub,Automation,Website,4,180.0,0.05,697.47,458.57,238.9
2025-11-30 17:07:18.212634824,CUST-1224,North,Vision Lite,Computer Vision,Direct,4,95.0,0.1,333.51,184.98,148.53
2025-12-01 16:40:40.677966100,CUST-1022,West,Analytics Pro,Analytics,Referral,3,120.0,0.0,337.22,171.12,166.1
2025-12-02 16:14:03.143297380,CUST-1045,West,Automation Hub,Automation,Referral,2,180.0,0.0,349.28,160.96,188.32
2025-12-03 15:47:25.608628660,CUST-1168,East,Vision Lite,Computer Vision,,6,95.0,0.0,568.75,240.62,328.13
2025-12-04 15:20:48.073959940,CUST-1297,West,Analytics Pro,Analytics,Website,6,120.0,0.0,753.57,365.08,388.49
2025-12-05 14:54:10.539291216,CUST-1098,West,Automation Hub,Automation,Referral,7,180.0,0.0,1207.76,794.28,413.48
2025-12-06 14:27:33.004622496,CUST-1132,West,Automation Hub,Automation,Website,2,180.0,0.0,358.78,225.06,133.72
2025-12-07 14:00:55.469953776,CUST-1096,North,Vision Lite,Computer Vision,Website,4,95.0,0.1,351.24,236.08,115.16
2025-12-08 13:34:17.935285052,CUST-1132,East,Data Clean,Data Services,Marketplace,2,70.0,0.1,114.0,50.87,63.13
2025-12-09 13:07:40.400616332,CUST-1002,North,Data Clean,Data Services,Referral,8,70.0,0.1,524.84,301.24,223.6
2025-12-10 12:41:02.865947612,CUST-1178,East,Analytics Pro,Analytics,Website,3,120.0,0.0,342.97,166.98,175.99
2025-12-11 12:14:25.331278892,CUST-1178,North,Analytics Pro,Analytics,Website,2,120.0,0.0,243.19,136.47,106.72
2025-12-12 11:47:47.796610168,CUST-1094,East,Analytics Pro,Analytics,Website,5,120.0,0.0,605.92,304.97,300.95
2025-12-13 11:21:10.261941448,CUST-1079,East,Vision Lite,Computer Vision,Website,8,95.0,0.0,792.97,391.49,401.48
2025-12-14 10:54:32.727272728,CUST-1228,South,Analytics Pro,Analytics,Marketplace,8,120.0,0.15,833.98,474.7,359.28
2025-12-15 10:27:55.192604008,CUST-1056,East,Analytics Pro,Analytics,Website,1,120.0,0.0,108.59,50.78,57.81
2025-12-16 10:01:17.657935284,CUST-1014,East,Data Clean,Data Services,Direct,3,70.0,0.0,203.41,110.24,93.17
2025-12-17 09:34:40.123266564,CUST-1012,West,Data Clean,Data Services,Website,2,70.0,0.1,126.7,74.65,52.05
2025-12-18 09:08:02.588597844,CUST-1264,South,Data Clean,Data Services,Website,3,70.0,0.0,208.36,94.46,113.9
2025-12-19 08:41:25.053929120,CUST-1109,East,Automation Hub,Automation,Direct,5,180.0,0.0,917.19,607.14,310.05
2025-12-20 08:14:47.519260400,CUST-1030,West,Vision Lite,Computer Vision,Website,3,95.0,0.0,294.0,162.14,131.86
2025-12-21 07:48:09.984591680,CUST-1263,North,Vision Lite,Computer Vision,Referral,1,95.0,0.05,92.45,58.53,33.92
2025-12-22 07:21:32.449922960,CUST-1044,North,Analytics Pro,Analytics,Direct,5,120.0,0.1,535.37,315.88,219.49
2025-12-23 06:54:54.915254236,CUST-1101,North,Vision Lite,Computer Vision,Direct,1,95.0,0.0,87.98,53.2,34.78
2025-12-24 06:28:17.380585516,CUST-1006,East,Vision Lite,Computer Vision,Marketplace,2,95.0,0.1,167.88,101.77,66.11
2025-12-25 06:01:39.845916796,CUST-1203,South,Automation Hub,Automation,Website,1,180.0,0.1,164.7,106.65,58.05
2025-12-26 05:35:02.311248072,CUST-1209,West,Data Clean,Data Services,Referral,1,70.0,0.1,60.25,34.92,25.33
2025-12-27 05:08:24.776579352,CUST-1226,East,Vision Lite,Computer Vision,Direct,4,95.0,0.0,389.6,191.81,197.79
2025-12-28 04:41:47.241910632,CUST-1078,South,Vision Lite,Computer Vision,Direct,7,95.0,0.0,689.16,307.28,381.88
2025-12-29 04:15:09.707241912,CUST-1098,West,Vision Lite,Computer Vision,Website,7,95.0,0.1,601.54,347.46,254.08
2025-12-30 03:48:32.172573188,CUST-1281,East,Data Clean,Data Services,Website,1,70.0,0.0,61.42,26.86,34.56
2025-12-31 03:21:54.637904468,CUST-1246,South,Vision Lite,Computer Vision,Website,1,95.0,0.05,85.64,41.34,44.3
2026-01-01 02:55:17.103235748,CUST-1011,South,Automation Hub,Automation,Website,3,180.0,0.1,522.67,227.77,294.9
2026-01-02 02:28:39.568567028,CUST-1207,South,Data Clean,Data Services,Marketplace,6,70.0,0.0,410.82,231.17,179.65
2026-01-03 02:02:02.033898304,CUST-1243,North,Vision Lite,Computer Vision,Website,6,95.0,0.1,472.29,218.05,254.24
2026-01-04 01:35:24.499229584,CUST-1167,North,Data Clean,Data Services,Website,7,70.0,0.15,437.08,252.94,184.14
2026-01-05 01:08:46.964560864,CUST-1191,West,Analytics Pro,Analytics,Website,3,120.0,0.05,342.18,214.08,128.1
2026-01-06 00:42:09.429892140,CUST-1000,South,Automation Hub,Automation,Referral,2,180.0,0.0,375.91,238.21,137.7
2026-01-07 00:15:31.895223420,CUST-1009,South,Data Clean,Data Services,Website,1,70.0,0.1,63.7,31.88,31.82
2026-01-07 23:48:54.360554700,CUST-1010,East,Vision Lite,Computer Vision,Referral,2,95.0,0.0,193.49,108.88,84.61
2026-01-08 23:22:16.825885980,CUST-1047,East,Data Clean,Data Services,Website,1,70.0,0.05,67.47,38.21,29.26
2026-01-09 22:55:39.291217256,CUST-1297,West,Analytics Pro,Analytics,Direct,7,120.0,0.1,777.09,421.92,355.17
2026-01-10 22:29:01.756548536,CUST-1190,West,Analytics Pro,Analytics,Website,3,120.0,0.05,373.16,220.28,152.88
2026-01-11 22:02:24.221879816,CUST-1234,South,Data Clean,Data Services,Referral,7,70.0,0.0,509.03,241.6,267.43
2026-01-12 21:35:46.687211096,CUST-1088,South,Automation Hub,Automation,Website,5,180.0,0.0,843.11,568.76,274.35
2026-01-13 21:09:09.152542372,CUST-1281,West,Vision Lite,Computer Vision,Website,5,95.0,0.0,483.49,215.39,268.1
2026-01-14 20:42:31.617873652,CUST-1059,East,Automation Hub,Automation,Website,4,180.0,0.0,752.87,478.53,274.34
2026-01-15 20:15:54.083204932,CUST-1270,West,Automation Hub,Automation,Website,7,180.0,0.0,1320.62,758.65,561.97
2026-01-16 19:49:16.548536208,CUST-1009,North,Data Clean,Data Services,Website,1,70.0,0.05,65.37,31.61,33.76
2026-01-17 19:22:39.013867488,CUST-1006,West,Analytics Pro,Analytics,Referral,1,120.0,0.0,125.59,77.1,48.49
2026-01-18 18:56:01.479198768,CUST-1023,East,Data Clean,Data Services,Marketplace,4,70.0,0.1,261.35,115.51,145.84
2026-01-19 18:29:23.944530048,CUST-1237,North,Data Clean,Data Services,Website,4,70.0,0.1,277.93,172.69,105.24
2026-01-20 18:02:46.409861324,CUST-1077,East,Vision Lite,Computer Vision,Referral,5,95.0,0.0,460.75,264.19,196.56
2026-01-21 17:36:08.875192604,CUST-1135,East,Automation Hub,Automation,Referral,6,180.0,0.05,1005.18,451.12,554.06
2026-01-22 17:09:31.340523884,CUST-1141,North,Analytics Pro,Analytics,Website,5,120.0,0.05,563.02,248.11,314.91
2026-01-23 16:42:53.805855160,CUST-1236,South,Vision Lite,Computer Vision,Website,3,95.0,0.0,279.41,171.9,107.51
2026-01-24 16:16:16.271186440,CUST-1104,West,Automation Hub,Automation,Website,3,180.0,0.0,520.78,258.39,262.39
2026-01-25 15:49:38.736517720,CUST-1002,South,Analytics Pro,Analytics,Website,7,120.0,0.1,672.46,437.92,234.54
2026-01-26 15:23:01.201849000,CUST-1115,South,Automation Hub,Automation,Referral,2,180.0,0.15,300.68,185.86,114.82
2026-01-27 14:56:23.667180276,CUST-1086,South,Data Clean,Data Services,Direct,5,70.0,0.05,337.41,202.96,134.45
2026-01-28 14:29:46.132511556,CUST-1219,South,Automation Hub,Automation,Direct,5,180.0,0.1,794.02,391.01,403.01
2026-01-29 14:03:08.597842836,CUST-1225,West,Analytics Pro,Analytics,Direct,7,120.0,0.15,769.27,464.89,304.38
2026-01-30 13:36:31.063174116,CUST-1027,West,Vision Lite,Computer Vision,Referral,6,95.0,0.0,570.3,380.12,190.18
2026-01-31 13:09:53.528505392,CUST-1237,North,Analytics Pro,Analytics,Website,4,120.0,0.05,479.55,212.83,266.72
2026-02-01 12:43:15.993836672,CUST-1021,West,Data Clean,Data Services,Website,3,70.0,0.0,212.2,107.12,105.08
2026-02-02 12:16:38.459167952,CUST-1185,,Data Clean,Data Services,Website,3,70.0,0.15,184.4,88.7,95.7
2026-02-03 11:50:00.924499228,CUST-1116,South,Data Clean,Data Services,Website,4,70.0,0.0,283.13,147.86,135.27
2026-02-04 11:23:23.389830508,CUST-1090,West,Data Clean,Data Services,Website,2,70.0,0.0,147.67,90.52,57.15
2026-02-05 10:56:45.855161788,CUST-1144,North,Analytics Pro,Analytics,Referral,6,120.0,0.1,649.45,352.85,296.6
2026-02-06 10:30:08.320493068,CUST-1093,West,Analytics Pro,Analytics,Website,2,120.0,0.0,244.76,139.12,105.64
2026-02-07 10:03:30.785824344,CUST-1238,East,Automation Hub,Automation,Website,6,180.0,0.1,986.24,494.78,491.46
2026-02-08 09:36:53.251155624,CUST-1290,East,Automation Hub,Automation,Marketplace,7,180.0,0.0,1245.47,568.85,676.62
2026-02-09 09:10:15.716486904,CUST-1244,,Data Clean,Data Services,Website,8,70.0,0.15,483.71,236.73,246.98
2026-02-10 08:43:38.181818180,CUST-1131,West,Vision Lite,Computer Vision,Direct,1,95.0,0.1,93.14,59.94,33.2
2026-02-11 08:17:00.647149460,CUST-1150,North,Vision Lite,Computer Vision,Website,7,95.0,0.0,657.81,379.31,278.5
2026-02-12 07:50:23.112480740,CUST-1134,North,Data Clean,Data Services,Referral,1,70.0,0.1,64.06,33.2,30.86
2026-02-13 07:23:45.577812020,CUST-1238,North,Vision Lite,Computer Vision,Website,3,95.0,0.0,299.34,187.2,112.14
2026-02-14 06:57:08.043143296,CUST-1165,West,Automation Hub,Automation,Referral,2,180.0,0.05,357.6,156.18,201.42
2026-02-15 06:30:30.508474576,CUST-1140,North,Automation Hub,Automation,Website,2,180.0,0.05,342.16,166.29,175.87
2026-02-16 06:03:52.973805856,CUST-1122,West,Vision Lite,Computer Vision,Website,2,95.0,0.1,154.7,74.23,80.47
2026-02-17 05:37:15.439137136,CUST-1112,East,Analytics Pro,Analytics,Marketplace,1,120.0,0.0,122.48,82.82,39.66
2026-02-18 05:10:37.904468412,CUST-1165,North,Vision Lite,Computer Vision,Website,7,95.0,0.0,605.96,365.75,240.21
2026-02-19 04:44:00.369799692,CUST-1206,North,Vision Lite,Computer Vision,Website,1,95.0,0.05,95.56,55.48,40.08
2026-02-20 04:17:22.835130972,CUST-1129,North,Vision Lite,Computer Vision,Direct,4,95.0,0.05,363.45,153.12,210.33
2026-02-21 03:50:45.300462248,CUST-1241,,Vision Lite,Computer Vision,Website,6,95.0,0.0,592.79,277.38,315.41
2026-02-22 03:24:07.765793528,CUST-1248,West,Data Clean,Data Services,Referral,8,70.0,0.0,539.79,315.91,223.88
2026-02-23 02:57:30.231124808,CUST-1128,North,Data Clean,Data Services,Referral,7,70.0,0.0,459.57,238.39,221.18
2026-02-24 02:30:52.696456088,CUST-1272,West,Vision Lite,Computer Vision,Website,2,95.0,0.1,172.78,114.09,58.69
2026-02-25 02:04:15.161787368,CUST-1051,North,Automation Hub,Automation,Referral,8,180.0,0.0,1438.06,889.91,548.15
2026-02-26 01:37:37.627118648,CUST-1279,West,Analytics Pro,Analytics,Website,6,120.0,0.0,705.84,378.56,327.28
2026-02-27 01:11:00.092449920,CUST-1088,West,Data Clean,Data Services,Marketplace,2,70.0,0.15,119.4,73.42,45.98
2026-02-28 00:44:22.557781200,CUST-1169,West,Data Clean,Data Services,Website,4,70.0,0.0,311.0,209.49,101.51
2026-03-01 00:17:45.023112480,CUST-1085,East,Vision Lite,Computer Vision,Website,8,95.0,0.05,746.1,402.79,343.31
2026-03-01 23:51:07.488443760,CUST-1132,West,Data Clean,Data Services,Website,4,70.0,0.0,291.75,171.28,120.47
2026-03-02 23:24:29.953775040,CUST-1102,North,Data Clean,Data Services,Direct,2,70.0,0.1,130.25,85.82,44.43
2026-03-03 22:57:52.419106320,CUST-1211,North,Data Clean,Data Services,Marketplace,8,70.0,0.05,563.48,273.1,290.38
2026-03-04 22:31:14.884437600,CUST-1024,North,Vision Lite,Computer Vision,Direct,8,95.0,0.1,678.8,441.56,237.24
2026-03-05 22:04:37.349768872,CUST-1251,East,Analytics Pro,Analytics,Marketplace,8,120.0,0.0,881.1,392.41,488.69
2026-03-06 21:37:59.815100152,CUST-1271,East,Analytics Pro,Analytics,Marketplace,8,120.0,0.0,952.76,560.79,391.97
2026-03-07 21:11:22.280431432,CUST-1168,East,Analytics Pro,Analytics,Referral,7,120.0,0.1,780.55,486.7,293.85
2026-03-08 20:44:44.745762712,CUST-1164,West,Automation Hub,Automation,Direct,4,180.0,0.0,692.07,401.26,290.81
2026-03-09 20:18:07.211093992,CUST-1209,North,Vision Lite,Computer Vision,Referral,2,95.0,0.0,188.66,103.54,85.12
2026-03-10 19:51:29.676425272,CUST-1059,East,Automation Hub,Automation,Website,5,180.0,0.0,875.1,508.0,367.1
2026-03-11 19:24:52.141756552,CUST-1224,North,Analytics Pro,Analytics,Marketplace,2,120.0,0.15,216.26,99.36,116.9
2026-03-12 18:58:14.607087824,CUST-1065,South,Analytics Pro,Analytics,Referral,4,120.0,0.05,469.67,223.59,246.08
2026-03-13 18:31:37.072419104,CUST-1202,East,Data Clean,Data Services,Website,6,70.0,0.05,409.4,200.68,208.72
2026-03-14 18:04:59.537750384,CUST-1091,West,Data Clean,Data Services,Website,8,70.0,0.05,545.23,313.74,231.49
2026-03-15 17:38:22.003081664,CUST-1223,East,Automation Hub,Automation,Website,3,180.0,0.0,539.2,288.41,250.79
2026-03-16 17:11:44.468412944,CUST-1237,North,Data Clean,Data Services,Direct,3,70.0,0.0,211.66,102.35,109.31
2026-03-17 16:45:06.933744224,CUST-1062,East,Vision Lite,Computer Vision,Website,6,95.0,0.0,542.98,352.68,190.3
2026-03-18 16:18:29.399075504,CUST-1185,North,Data Clean,Data Services,Direct,1,70.0,0.05,60.68,31.39,29.29
2026-03-19 15:51:51.864406776,CUST-1149,West,Data Clean,Data Services,Referral,5,70.0,0.0,352.1,188.72,163.38
2026-03-20 15:25:14.329738056,CUST-1088,East,Vision Lite,Computer Vision,Marketplace,6,95.0,0.1,519.65,273.61,246.04
2026-03-21 14:58:36.795069336,CUST-1176,North,Automation Hub,Automation,Website,5,180.0,0.1,849.18,396.83,452.35
2026-03-22 14:31:59.260400616,CUST-1297,North,Vision Lite,Computer Vision,Direct,4,95.0,0.0,403.88,246.46,157.42
2026-03-23 14:05:21.725731896,CUST-1000,North,Automation Hub,Automation,Referral,7,180.0,0.05,1272.17,682.65,589.52
2026-03-24 13:38:44.191063176,CUST-1287,West,Automation Hub,Automation,Website,3,180.0,0.0,518.44,219.94,298.5
2026-03-25 13:12:06.656394456,CUST-1256,South,Vision Lite,Computer Vision,Website,6,95.0,0.15,477.67,320.35,157.32
2026-03-26 12:45:29.121725728,CUST-1158,West,Vision Lite,Computer Vision,Website,4,95.0,0.1,348.57,220.33,128.24
2026-03-27 12:18:51.587057008,CUST-1183,East,Vision Lite,Computer Vision,Website,1,95.0,0.1,94.16,57.26,36.9
2026-03-28 11:52:14.052388288,CUST-1110,East,Automation Hub,Automation,Marketplace,5,180.0,0.0,953.28,615.79,337.49
2026-03-29 11:25:36.517719568,CUST-1038,North,Automation Hub,Automation,Direct,1,180.0,0.0,188.06,123.32,64.74
2026-03-30 10:58:58.983050848,CUST-1171,West,Analytics Pro,Analytics,Marketplace,8,120.0,0.0,945.11,479.88,465.23
2026-03-31 10:32:21.448382128,CUST-1244,South,Vision Lite,Computer Vision,Referral,5,95.0,0.0,458.22,265.24,192.98
2026-04-01 10:05:43.913713408,CUST-1069,East,Vision Lite,Computer Vision,Referral,3,95.0,0.0,293.99,170.01,123.98
2026-04-02 09:39:06.379044688,CUST-1215,East,Data Clean,Data Services,Direct,4,70.0,0.0,267.67,131.03,136.64
2026-04-03 09:12:28.844375960,CUST-1224,East,Vision Lite,Computer Vision,Direct,5,95.0,0.15,399.9,191.03,208.87
2026-04-04 08:45:51.309707240,CUST-1227,West,Automation Hub,Automation,Website,3,180.0,0.0,537.52,241.68,295.84
2026-04-05 08:19:13.775038520,CUST-1102,North,Analytics Pro,Analytics,Direct,3,120.0,0.0,382.94,226.48,156.46
2026-04-06 07:52:36.240369800,CUST-1117,East,Analytics Pro,Analytics,Website,4,120.0,0.1,425.87,265.33,160.54
2026-04-07 07:25:58.705701080,CUST-1124,South,Automation Hub,Automation,Marketplace,3,180.0,0.05,462.95,286.03,176.92
2026-04-08 06:59:21.171032360,CUST-1256,South,Automation Hub,Automation,Direct,7,180.0,0.1,1156.88,581.02,575.86
2026-04-09 06:32:43.636363640,CUST-1270,North,Automation Hub,Automation,Marketplace,1,180.0,0.05,166.22,78.68,87.54
2026-04-10 06:06:06.101694912,CUST-1124,North,Automation Hub,Automation,Website,7,180.0,0.1,1135.93,611.06,524.87
2026-04-11 05:39:28.567026192,CUST-1290,South,Data Clean,Data Services,Referral,3,70.0,0.05,198.81,111.76,87.05
2026-04-12 05:12:51.032357472,CUST-1171,South,Analytics Pro,Analytics,Website,5,120.0,0.0,593.43,391.05,202.38
2026-04-13 04:46:13.497688752,CUST-1115,South,Automation Hub,Automation,Marketplace,2,180.0,0.05,352.81,228.43,124.38
2026-04-14 04:19:35.963020032,CUST-1000,East,Analytics Pro,Analytics,Website,4,120.0,0.0,450.57,296.55,154.02
2026-04-15 03:52:58.428351312,CUST-1183,East,Automation Hub,Automation,Marketplace,7,180.0,0.0,1233.94,791.04,442.9
2026-04-16 03:26:20.893682592,CUST-1193,South,Vision Lite,Computer Vision,Direct,3,95.0,0.0,292.8,196.41,96.39
2026-04-17 02:59:43.359013864,CUST-1290,South,Analytics Pro,Analytics,Website,2,120.0,0.0,234.1,126.66,107.44
2026-04-18 02:33:05.824345144,CUST-1215,North,Automation Hub,Automation,Website,5,180.0,0.1,757.87,327.66,430.21
2026-04-19 02:06:28.289676424,CUST-1008,East,Analytics Pro,Analytics,Marketplace,2,120.0,0.0,246.42,108.85,137.57
2026-04-20 01:39:50.755007704,CUST-1170,South,Data Clean,Data Services,Referral,3,70.0,0.0,219.43,114.43,105.0
2026-04-21 01:13:13.220338984,CUST-1222,North,Vision Lite,Computer Vision,Website,4,95.0,0.0,379.32,184.73,194.59
2026-04-22 00:46:35.685670264,CUST-1148,South,Analytics Pro,Analytics,Website,5,120.0,0.1,497.65,231.0,266.65
2026-04-23 00:19:58.151001544,CUST-1128,South,Analytics Pro,Analytics,Referral,6,120.0,0.0,740.33,494.42,245.91
2026-04-23 23:53:20.616332816,CUST-1242,North,Analytics Pro,Analytics,Marketplace,6,120.0,0.05,638.59,300.65,337.94
2026-04-24 23:26:43.081664096,CUST-1183,East,Automation Hub,Automation,Referral,7,180.0,0.1,1148.01,768.52,379.49
2026-04-25 23:00:05.546995376,CUST-1204,East,Data Clean,Data Services,Website,1,70.0,0.0,67.52,41.71,25.81
2026-04-26 22:33:28.012326656,CUST-1139,East,Vision Lite,Computer Vision,Referral,3,95.0,0.1,244.6,143.49,101.11
2026-04-27 22:06:50.477657936,CUST-1083,East,Data Clean,Data Services,Website,1,70.0,0.0,68.76,40.97,27.79
2026-04-28 21:40:12.942989216,CUST-1155,East,Automation Hub,Automation,Website,1,180.0,0.0,178.68,90.44,88.24
2026-04-29 21:13:35.408320496,CUST-1287,South,Automation Hub,Automation,Marketplace,2,180.0,0.05,333.19,195.94,137.25
2026-04-30 20:46:57.873651768,CUST-1180,West,Automation Hub,Automation,Website,5,180.0,0.1,829.07,388.45,440.62
2026-05-01 20:20:20.338983048,CUST-1212,East,Analytics Pro,Analytics,Referral,8,120.0,0.0,942.87,625.88,316.99
2026-05-02 19:53:42.804314328,CUST-1037,South,Data Clean,Data Services,Direct,7,70.0,0.05,483.75,241.13,242.62
2026-05-03 19:27:05.269645608,CUST-1296,East,Analytics Pro,Analytics,Referral,6,120.0,0.0,728.1,354.11,373.99
2026-05-04 19:00:27.734976888,CUST-1073,South,Automation Hub,Automation,Marketplace,7,180.0,0.05,1163.6,703.86,459.74
2026-05-05 18:33:50.200308168,CUST-1291,East,Vision Lite,Computer Vision,Website,2,95.0,0.05,174.25,102.92,71.33
2026-05-06 18:07:12.665639448,CUST-1133,East,Analytics Pro,Analytics,Website,7,120.0,0.05,745.41,400.54,344.87
2026-05-07 17:40:35.130970728,CUST-1275,West,Automation Hub,Automation,Website,8,180.0,0.05,1383.91,808.81,575.1
2026-05-08 17:13:57.596302000,CUST-1267,West,Automation Hub,Automation,Marketplace,1,180.0,0.0,177.45,81.89,95.56
2026-05-09 16:47:20.061633280,CUST-1226,East,Automation Hub,Automation,Direct,4,180.0,0.05,619.1,368.4,250.7
2026-05-10 16:20:42.526964560,CUST-1274,East,Analytics Pro,Analytics,Website,7,120.0,0.05,780.9,382.92,397.98
2026-05-11 15:54:04.992295840,CUST-1182,West,Analytics Pro,Analytics,Website,4,120.0,0.05,439.57,215.8,223.77
2026-05-12 15:27:27.457627120,CUST-1254,South,Analytics Pro,Analytics,Website,7,120.0,0.0,892.94,412.69,480.25
2026-05-13 15:00:49.922958400,CUST-1051,West,Automation Hub,Automation,Referral,8,180.0,0.0,1341.92,679.57,662.35
2026-05-14 14:34:12.388289680,CUST-1021,,Analytics Pro,Analytics,Marketplace,4,120.0,0.0,452.33,228.93,223.4
2026-05-15 14:07:34.853620952,CUST-1163,North,Data Clean,Data Services,Marketplace,1,70.0,0.0,73.11,39.34,33.77
2026-05-16 13:40:57.318952232,CUST-1242,North,Analytics Pro,Analytics,Direct,3,120.0,0.0,379.54,178.2,201.34
2026-05-17 13:14:19.784283512,CUST-1229,West,Vision Lite,Computer Vision,Website,2,95.0,0.0,184.34,86.67,97.67
2026-05-18 12:47:42.249614792,CUST-1158,North,Vision Lite,Computer Vision,Marketplace,4,95.0,0.05,351.87,197.35,154.52
2026-05-19 12:21:04.714946072,CUST-1156,South,Automation Hub,Automation,Referral,5,180.0,0.0,922.18,418.22,503.96
2026-05-20 11:54:27.180277352,CUST-1182,South,Data Clean,Data Services,Website,4,70.0,0.1,228.54,136.92,91.62
2026-05-21 11:27:49.645608632,CUST-1260,North,Analytics Pro,Analytics,Direct,2,120.0,0.0,222.13,147.81,74.32
2026-05-22 11:01:12.110939904,CUST-1252,South,Analytics Pro,Analytics,Website,3,120.0,0.1,320.36,170.1,150.26
2026-05-23 10:34:34.576271184,CUST-1032,East,Automation Hub,Automation,Marketplace,6,180.0,0.0,1146.96,750.44,396.52
2026-05-24 10:07:57.041602464,CUST-1178,North,Analytics Pro,Analytics,Marketplace,1,120.0,0.0,117.91,52.54,65.37
2026-05-25 09:41:19.506933744,CUST-1114,West,Automation Hub,Automation,Direct,2,180.0,0.05,343.38,148.06,195.32
2026-05-26 09:14:41.972265024,CUST-1239,West,Automation Hub,Automation,Referral,8,180.0,0.1,1354.78,823.1,531.68
2026-05-27 08:48:04.437596304,CUST-1151,South,Data Clean,Data Services,Website,1,70.0,0.0,75.9,46.9,29.0
2026-05-28 08:21:26.902927584,CUST-1297,North,Automation Hub,Automation,Direct,4,180.0,0.0,703.39,449.6,253.79
2026-05-29 07:54:49.368258856,CUST-1129,East,Data Clean,Data Services,Marketplace,2,70.0,0.05,132.91,57.79,75.12
2026-05-30 07:28:11.833590136,CUST-1203,North,Data Clean,Data Services,Referral,1,70.0,0.05,71.35,44.38,26.97
2026-05-31 07:01:34.298921416,CUST-1032,South,Data Clean,Data Services,Marketplace,4,70.0,0.0,262.95,136.18,126.77
2026-06-01 06:34:56.764252696,CUST-1279,West,Analytics Pro,Analytics,Website,5,120.0,0.0,624.66,311.62,313.04
2026-06-02 06:08:19.229583976,CUST-1046,West,Data Clean,Data Services,Referral,2,70.0,0.0,134.3,62.45,71.85
2026-06-03 05:41:41.694915256,CUST-1113,West,Vision Lite,Computer Vision,Direct,1,95.0,0.1,85.85,58.29,27.56
2026-06-04 05:15:04.160246536,CUST-1251,South,Data Clean,Data Services,Website,2,70.0,0.0,138.64,60.52,78.12
2026-06-05 04:48:26.625577816,CUST-1290,East,Automation Hub,Automation,Referral,6,180.0,0.0,1038.61,659.54,379.07
2026-06-06 04:21:49.090909088,CUST-1145,East,Data Clean,Data Services,Direct,7,70.0,0.15,400.12,234.58,165.54
2026-06-07 03:55:11.556240368,CUST-1145,South,Vision Lite,Computer Vision,Marketplace,2,95.0,0.0,192.1,117.4,74.7
2026-06-08 03:28:34.021571648,CUST-1014,East,Analytics Pro,Analytics,Direct,3,120.0,0.0,374.34,226.49,147.85
2026-06-09 03:01:56.486902928,CUST-1293,North,Automation Hub,Automation,Website,3,180.0,0.0,537.2,345.52,191.68
2026-06-10 02:35:18.952234208,CUST-1004,North,Analytics Pro,Analytics,Direct,3,120.0,0.0,361.01,168.88,192.13
2026-06-11 02:08:41.417565488,CUST-1007,East,Data Clean,Data Services,Website,2,70.0,0.0,143.2,60.17,83.03
2026-06-12 01:42:03.882896768,CUST-1142,North,Automation Hub,Automation,Referral,1,180.0,0.0,173.0,99.58,73.42
2026-06-13 01:15:26.348228040,CUST-1001,North,Analytics Pro,Analytics,Referral,5,120.0,0.1,555.98,284.66,271.32
2026-06-14 00:48:48.813559320,CUST-1049,West,Vision Lite,Computer Vision,Marketplace,3,95.0,0.05,279.62,126.44,153.18
2026-06-15 00:22:11.278890600,CUST-1188,West,Automation Hub,Automation,Direct,3,180.0,0.0,596.24,279.28,316.96
2026-06-15 23:55:33.744221880,CUST-1211,East,Analytics Pro,Analytics,Marketplace,3,120.0,0.05,336.85,170.53,166.32
2026-06-16 23:28:56.209553160,CUST-1089,West,Data Clean,Data Services,Marketplace,8,70.0,0.0,549.74,240.93,308.81
2026-06-17 23:02:18.674884440,CUST-1238,West,Data Clean,Data Services,Referral,5,70.0,0.15,306.65,133.33,173.32
2026-06-18 22:35:41.140215720,CUST-1182,North,Vision Lite,Computer Vision,Referral,4,95.0,0.0,392.45,258.3,134.15
2026-06-19 22:09:03.605546992,CUST-1068,South,Vision Lite,Computer Vision,Referral,2,95.0,0.05,176.64,88.52,88.12
2026-06-20 21:42:26.070878272,CUST-1213,South,Automation Hub,Automation,Website,7,180.0,0.0,1239.68,837.26,402.42
2026-06-21 21:15:48.536209552,CUST-1177,North,Vision Lite,Computer Vision,Referral,8,95.0,0.05,737.63,494.75,242.88
2026-06-22 20:49:11.001540832,CUST-1243,East,Vision Lite,Computer Vision,Direct,1,95.0,0.0,91.86,41.98,49.88
2026-06-23 20:22:33.466872112,CUST-1046,South,Analytics Pro,Analytics,Marketplace,8,120.0,0.1,849.81,514.88,334.93
2026-06-24 19:55:55.932203392,CUST-1069,South,Analytics Pro,Analytics,Marketplace,6,120.0,0.0,722.58,416.36,306.22
2026-06-25 19:29:18.397534672,CUST-1091,North,Automation Hub,Automation,Website,1,180.0,0.1,168.45,101.0,67.45
2026-06-26 19:02:40.862865944,CUST-1102,North,Automation Hub,Automation,Referral,7,180.0,0.0,1229.53,547.15,682.38
2026-06-27 18:36:03.328197224,CUST-1266,West,Analytics Pro,Analytics,Website,1,120.0,0.1,100.04,,53.12
2026-06-28 18:09:25.793528504,CUST-1219,North,Analytics Pro,Analytics,Website,1,120.0,0.1,99.72,43.87,55.85
2026-06-29 17:42:48.258859784,CUST-1163,North,Data Clean,Data Services,Referral,1,70.0,0.15,56.5,32.61,23.89
2026-06-30 17:16:10.724191064,CUST-1162,South,Automation Hub,Automation,Website,4,180.0,0.0,682.18,461.5,220.68
2026-07-01 16:49:33.189522344,CUST-1265,South,Vision Lite,Computer Vision,Website,5,95.0,0.0,472.06,280.74,191.32
2026-07-02 16:22:55.654853624,CUST-1134,East,Vision Lite,Computer Vision,Marketplace,4,95.0,0.0,361.93,218.89,143.04
2026-07-03 15:56:18.120184896,CUST-1067,South,Vision Lite,Computer Vision,Referral,1,95.0,0.0,92.33,62.41,29.92
2026-07-04 15:29:40.585516176,CUST-1041,North,Vision Lite,Computer Vision,Referral,2,95.0,0.05,174.91,104.3,70.61
2026-07-05 15:03:03.050847456,CUST-1099,North,Automation Hub,Automation,Website,7,180.0,0.15,1052.13,452.89,599.24
2026-07-06 14:36:25.516178736,CUST-1195,West,Data Clean,Data Services,Referral,8,70.0,0.15,501.18,323.47,177.71
2026-07-07 14:09:47.981510016,CUST-1141,East,Automation Hub,Automation,Referral,7,180.0,0.0,1293.36,665.84,627.52
2026-07-08 13:43:10.446841296,CUST-1126,East,Data Clean,Data Services,Referral,1,70.0,0.05,66.54,28.02,38.52
2026-07-09 13:16:32.912172576,CUST-1144,East,Automation Hub,Automation,Referral,7,180.0,0.1,1113.09,614.29,498.8
2026-07-10 12:49:55.377503856,CUST-1292,East,Analytics Pro,Analytics,Website,6,120.0,0.15,601.39,399.1,202.29
2026-07-11 12:23:17.842835128,CUST-1299,North,Data Clean,Data Services,Direct,5,70.0,0.0,354.59,172.65,181.94
2026-07-12 11:56:40.308166408,CUST-1048,South,Analytics Pro,Analytics,Website,2,120.0,0.0,245.61,134.54,111.07
2026-07-13 11:30:02.773497688,CUST-1034,East,Data Clean,Data Services,Referral,8,70.0,0.1,485.7,225.94,259.76
2026-07-14 11:03:25.238828968,CUST-1073,South,Analytics Pro,Analytics,Website,4,120.0,0.0,480.7,209.1,271.6
2026-07-15 10:36:47.704160248,CUST-1255,West,Analytics Pro,Analytics,Referral,1,120.0,0.0,110.25,48.61,61.64
2026-07-16 10:10:10.169491528,CUST-1137,South,Vision Lite,Computer Vision,Website,2,95.0,0.15,162.87,99.19,63.68
2026-07-17 09:43:32.634822808,CUST-1259,East,Data Clean,Data Services,Direct,4,70.0,0.15,245.26,158.11,87.15
2026-07-18 09:16:55.100154080,CUST-1194,West,Automation Hub,Automation,Website,1,180.0,0.1,160.19,73.25,86.94
2026-07-19 08:50:17.565485360,CUST-1165,East,Analytics Pro,Analytics,Marketplace,3,120.0,0.1,347.54,172.02,175.52
2026-07-20 08:23:40.030816640,CUST-1084,West,Analytics Pro,Analytics,Website,4,120.0,0.0,463.08,217.98,245.1
2026-07-21 07:57:02.496147920,CUST-1103,East,Data Clean,Data Services,Website,8,70.0,0.0,564.87,241.19,323.68
2026-07-22 07:30:24.961479200,CUST-1044,West,Vision Lite,Computer Vision,Referral,1,95.0,0.0,94.86,53.49,41.37
2026-07-23 07:03:47.426810480,CUST-1155,South,Analytics Pro,Analytics,Referral,5,120.0,0.05,567.71,341.75,225.96
2026-07-24 06:37:09.892141760,CUST-1084,South,Automation Hub,Automation,Referral,8,180.0,0.0,1433.42,843.49,589.93
2026-07-25 06:10:32.357473032,CUST-1087,East,Automation Hub,Automation,Direct,7,180.0,0.05,1202.13,626.18,575.95
2026-07-26 05:43:54.822804312,CUST-1011,North,Analytics Pro,Analytics,Marketplace,8,120.0,0.0,992.56,560.11,432.45
2026-07-27 05:17:17.288135592,CUST-1239,South,Data Clean,Data Services,Direct,2,70.0,0.05,140.33,62.37,77.96
2026-07-28 04:50:39.753466872,CUST-1281,West,Vision Lite,Computer Vision,Website,7,95.0,0.0,664.94,305.95,358.99
2026-07-29 04:24:02.218798152,CUST-1149,East,Analytics Pro,Analytics,Marketplace,8,120.0,0.0,991.31,656.51,334.8
2026-07-30 03:57:24.684129432,CUST-1160,North,Vision Lite,Computer Vision,Referral,3,95.0,0.0,277.0,171.18,105.82
2026-07-31 03:30:47.149460712,CUST-1277,South,Automation Hub,Automation,Marketplace,4,180.0,0.0,742.06,489.69,252.37
2026-08-01 03:04:09.614791984,CUST-1153,North,Analytics Pro,Analytics,Direct,5,120.0,0.1,523.54,344.67,178.87
2026-08-02 02:37:32.080123264,CUST-1186,North,Automation Hub,Automation,Marketplace,4,180.0,0.0,751.41,442.46,308.95
2026-08-03 02:10:54.545454544,CUST-1128,West,Analytics Pro,Analytics,Direct,3,120.0,0.0,391.83,259.14,132.69
2026-08-04 01:44:17.010785824,CUST-1154,South,Analytics Pro,Analytics,Marketplace,8,120.0,0.1,859.78,454.26,405.52
2026-08-05 01:17:39.476117104,CUST-1156,South,Data Clean,Data Services,Website,8,70.0,0.05,485.34,204.3,281.04
2026-08-06 00:51:01.941448384,CUST-1213,East,Vision Lite,Computer Vision,Marketplace,4,95.0,0.0,371.67,162.15,209.52
2026-08-07 00:24:24.406779664,CUST-1181,North,Analytics Pro,Analytics,Referral,7,120.0,0.0,881.39,395.27,486.12
2026-08-07 23:57:46.872110936,CUST-1151,South,Data Clean,Data Services,Direct,4,70.0,0.0,286.19,127.3,158.89
2026-08-08 23:31:09.337442216,CUST-1022,East,Vision Lite,Computer Vision,Marketplace,7,95.0,0.05,638.04,326.32,311.72
2026-08-09 23:04:31.802773496,CUST-1271,East,Data Clean,Data Services,Website,5,70.0,0.0,364.12,219.32,144.8
2026-08-10 22:37:54.268104776,CUST-1266,West,Vision Lite,Computer Vision,Website,4,95.0,0.0,387.36,242.32,145.04
2026-08-11 22:11:16.733436056,CUST-1055,East,Automation Hub,Automation,Website,2,180.0,0.0,377.54,216.5,161.04
2026-08-12 21:44:39.198767336,CUST-1087,South,Vision Lite,Computer Vision,Referral,6,95.0,0.05,561.41,257.17,304.24
2026-08-13 21:18:01.664098616,CUST-1292,East,Vision Lite,Computer Vision,Website,3,95.0,0.0,302.35,185.78,116.57
2026-08-14 20:51:24.129429896,CUST-1096,West,Vision Lite,Computer Vision,Marketplace,2,95.0,0.1,173.45,88.85,84.6
2026-08-15 20:24:46.594761168,CUST-1243,East,Analytics Pro,Analytics,Referral,2,120.0,0.0,248.69,105.29,143.4
2026-08-16 19:58:09.060092448,CUST-1235,West,Automation Hub,Automation,Direct,8,180.0,0.05,1351.19,666.08,685.11
2026-08-17 19:31:31.525423728,CUST-1258,West,Analytics Pro,Analytics,Website,1,120.0,0.0,117.11,59.25,57.86
2026-08-18 19:04:53.990755008,CUST-1004,West,Automation Hub,Automation,Referral,7,180.0,0.0,1346.02,661.31,684.71
2026-08-19 18:38:16.456086288,CUST-1144,North,Analytics Pro,Analytics,Website,7,120.0,0.0,847.26,534.7,312.56
2026-08-20 18:11:38.921417568,CUST-1169,East,Analytics Pro,Analytics,Direct,1,120.0,0.1,111.48,68.85,42.63
2026-08-21 17:45:01.386748848,CUST-1251,South,Data Clean,Data Services,Website,5,70.0,0.1,316.56,190.2,126.36
2026-08-22 17:18:23.852080120,CUST-1067,East,Analytics Pro,Analytics,Website,5,120.0,0.0,585.92,267.26,318.66
2026-08-23 16:51:46.317411400,CUST-1092,East,Data Clean,Data Services,Website,3,70.0,0.0,210.09,132.37,77.72
2026-08-24 16:25:08.782742680,CUST-1053,West,Analytics Pro,Analytics,Marketplace,6,120.0,0.1,685.22,408.44,276.78
2026-08-25 15:58:31.248073960,CUST-1228,West,Data Clean,Data Services,Website,4,70.0,0.0,286.22,134.71,151.51
2026-08-26 15:31:53.713405240,CUST-1299,South,Automation Hub,Automation,Marketplace,4,180.0,0.0,670.71,394.72,275.99
2026-08-27 15:05:16.178736520,CUST-1042,East,Vision Lite,Computer Vision,Marketplace,4,95.0,0.0,376.73,205.59,171.14
2026-08-28 14:38:38.644067800,CUST-1069,East,Automation Hub,Automation,Marketplace,7,180.0,0.05,1282.34,685.06,597.28
2026-08-29 14:12:01.109399072,CUST-1092,South,Automation Hub,Automation,Website,6,180.0,0.05,1017.23,456.89,560.34
2026-08-30 13:45:23.574730352,CUST-1266,North,Automation Hub,Automation,Website,4,180.0,0.05,634.74,352.13,282.61
2026-08-31 13:18:46.040061632,CUST-1133,North,Vision Lite,Computer Vision,Referral,8,95.0,0.15,694.92,309.92,385.0
2026-09-01 12:52:08.505392912,CUST-1084,West,Automation Hub,Automation,Website,7,180.0,0.0,1294.39,598.92,695.47
2026-09-02 12:25:30.970724192,CUST-1096,South,Vision Lite,Computer Vision,Marketplace,8,95.0,0.0,757.87,344.42,413.45
2026-09-03 11:58:53.436055472,CUST-1179,West,Data Clean,Data Services,Website,6,70.0,0.0,413.76,276.42,137.34
2026-09-04 11:32:15.901386752,CUST-1116,South,Automation Hub,Automation,Referral,4,180.0,0.0,751.17,371.13,380.04
2026-09-05 11:05:38.366718024,CUST-1042,West,Automation Hub,Automation,Website,7,180.0,0.0,1232.68,631.57,601.11
2026-09-06 10:39:00.832049304,CUST-1246,South,Analytics Pro,Analytics,Referral,3,120.0,0.0,376.53,189.68,186.85
2026-09-07 10:12:23.297380584,CUST-1126,West,Automation Hub,Automation,Website,3,180.0,0.0,551.71,360.57,191.14
2026-09-08 09:45:45.762711864,CUST-1077,North,Analytics Pro,Analytics,Marketplace,4,120.0,0.05,460.46,260.79,199.67
2026-09-09 09:19:08.228043144,CUST-1218,East,Analytics Pro,Analytics,Website,8,120.0,0.0,965.59,636.3,329.29
2026-09-10 08:52:30.693374424,CUST-1223,West,Data Clean,Data Services,Direct,5,70.0,0.0,347.55,173.07,174.48
2026-09-11 08:25:53.158705704,CUST-1046,West,Analytics Pro,Analytics,Marketplace,4,120.0,0.05,475.07,213.71,261.36
2026-09-12 07:59:15.624036976,CUST-1022,West,Automation Hub,Automation,Website,4,180.0,0.05,660.32,372.83,287.49
2026-09-13 07:32:38.089368256,CUST-1013,North,Data Clean,Data Services,Website,3,70.0,0.1,176.74,90.11,86.63
2026-09-14 07:06:00.554699536,CUST-1229,South,Data Clean,Data Services,Website,6,70.0,0.1,387.29,243.41,143.88
2026-09-15 06:39:23.020030816,CUST-1187,North,Analytics Pro,Analytics,Website,3,120.0,0.05,350.64,227.44,123.2
2026-09-16 06:12:45.485362096,CUST-1237,North,Analytics Pro,Analytics,Website,5,120.0,0.0,611.53,331.98,279.55
2026-09-17 05:46:07.950693376,CUST-1187,East,Automation Hub,Automation,Direct,3,180.0,0.0,548.81,369.1,179.71
2026-09-18 05:19:30.416024656,CUST-1120,East,Vision Lite,Computer Vision,Marketplace,3,95.0,0.05,267.28,150.69,116.59
2026-09-19 04:52:52.881355936,CUST-1176,West,Data Clean,Data Services,Website,8,70.0,0.0,577.64,283.3,294.34
2026-09-20 04:26:15.346687208,CUST-1216,West,Analytics Pro,Analytics,Referral,3,120.0,0.0,359.34,196.61,162.73
2026-09-21 03:59:37.812018488,CUST-1119,East,Analytics Pro,Analytics,Website,1,120.0,0.0,117.66,50.56,67.1
2026-09-22 03:33:00.277349768,CUST-1274,West,Automation Hub,Automation,Direct,4,180.0,0.0,711.02,447.26,263.76
2026-09-23 03:06:22.742681048,CUST-1269,North,Data Clean,Data Services,Website,5,70.0,0.0,378.29,168.86,209.43
2026-09-24 02:39:45.208012328,CUST-1240,North,Analytics Pro,Analytics,Marketplace,1,120.0,0.0,111.67,55.87,55.8
2026-09-25 02:13:07.673343608,CUST-1297,East,Automation Hub,Automation,Marketplace,3,180.0,0.1,495.72,281.06,214.66
2026-09-26 01:46:30.138674888,CUST-1117,West,Analytics Pro,Analytics,Website,2,120.0,0.1,201.49,86.88,114.61
2026-09-27 01:19:52.604006160,CUST-1034,North,Analytics Pro,Analytics,Website,5,120.0,0.0,597.4,263.23,334.17
2026-09-28 00:53:15.069337440,CUST-1145,East,Data Clean,Data Services,Website,6,70.0,0.1,371.44,223.23,148.21
2026-09-29 00:26:37.534668720,CUST-1223,East,Analytics Pro,Analytics,Direct,8,120.0,0.0,879.93,385.99,493.94
2026-09-30 00:00:00.000000000,CUST-1233,North,Automation Hub,Automation,Referral,4,180.0,0.1,658.08,358.02,300.06
